title,classification,telephone,link web
The Bronze Pig,Boutique Hotels,01522 301402 ,https://www.yell.com//biz/the-bronze-pig-lincoln-7808708/
The Golf Hotel,Wedding Venues,01526 353535 ,https://www.yell.com//biz/the-golf-hotel-woodhall-spa-1027753/
White Hart Hotel,Hotels,01205 311900 ,https://www.yell.com//biz/white-hart-hotel-boston-4331973/
The Dower House Hotel,Hotels,01526 352588 ,https://www.yell.com//biz/the-dower-house-hotel-woodhall-spa-931137/
Woodhall Spa Manor,Hotels,01526 352267 ,https://www.yell.com//biz/woodhall-spa-manor-woodhall-spa-7828093/
Boston West Hotel,Hotels,01205 290670 ,https://www.yell.com//biz/boston-west-hotel-boston-9695393/
The Red Lion Revesby,Hotels,01507 568665 ,https://www.yell.com//biz/the-red-lion-revesby-boston-1009532/
Petwood,Hotels,01526 352411 ,https://www.yell.com//biz/petwood-woodhall-spa-940996/
The Inn at Woodhall Spa,Hotel Restaurants,01526 353231 ,https://www.yell.com//biz/the-inn-at-woodhall-spa-woodhall-spa-10266228/
The Old Coach House Motel,Hotels,01526 861465 ,https://www.yell.com//biz/the-old-coach-house-motel-lincoln-1104562/
Supreme Events Ltd,Hotels,01205 290310 ,https://www.yell.com//biz/supreme-events-ltd-boston-8432673/
Premier Inn Boston,Hotels,0333 777 3927 ,https://www.yell.com//biz/premier-inn-boston-boston-1497402/
The New England Hotel,Hotels,01205 365255 ,https://www.yell.com//biz/the-new-england-hotel-boston-1500455/
The Admiral Rodney Hotel Eatery & Coffee House,Hotels,01507 523131 ,https://www.yell.com//biz/the-admiral-rodney-hotel-eatery-and-coffee-house-horncastle-3841461/
No. Twenty,Hotels,01205 500501 ,https://www.yell.com//biz/no-twenty-boston-10110294/
Finch Hatton Arms,Hotels,01529 460363 ,https://www.yell.com//biz/finch-hatton-arms-sleaford-1579625/
Martin Court Hotel,Hotels,01526 378995 ,https://www.yell.com//biz/martin-court-hotel-lincoln-5323370/
George Hotel,Hotels,01790 752528 ,https://www.yell.com//biz/george-hotel-spilsby-6222518/
Supreme Inns,Hotels,01205 822804 ,https://www.yell.com//biz/supreme-inns-boston-6102770/
The Lord Grey,Hotels,01205 837200 ,https://www.yell.com//biz/the-lord-grey-boston-9879871/
The Beijing Dragon Within Shades Hotel,Hotel Restaurants,01790 752200 ,https://www.yell.com//biz/the-beijing-dragon-within-shades-hotel-spilsby-3767877/
